ResponseID,P1_name,P2_name,P3_name,P4_name,P5_name,P1_type,P2_type,P3_type,P4_type,P5_type
R_8cHESCWSIxcZH0j,DK8990,,,,,3,,,,
R_8ogBJw5bZejad5k,AC3,,,,,2,,,,
R_eApCDGmvKVMXfhq,Ksc7,,,,,3,,,,
R_7NOxPbd8sZNqubv,Dkc,,,,,2,,,,
R_843FtabTItB0FJL,E,,,,,1,,,,
R_bVNH2q5LPlVzNpf,,,,,,,,,,
R_0N3MheWVYQoRaRY,517,Ksc7,,,,3,3,,,
R_iT25YabVfsDA5QK,Ksc7,,,,,3,,,,
R_8HUZbSJvKu2n7Vq,Ac3,,,,,2,,,,
R_8yjeS41HinPhZSY,Ksc17,,,,,2,,,,
R_bVyMJFMYFM18n2w,Ksc14E,Ksc14e,,,,1,1,,,
R_e1HhOPHvHcggoFc,Ksc13l,Ksc13l,,,,3,3,,,
R_kSQXzfbJxrkSE5D,KSC13,,,,,3,,,,
R_3tlpCwDUM2EGuLH,KSC11,,,,,3,,,,
R_gNP8MUX12DNaYd9,,,,,,,,,,
R_55YUpX7bC0DK6TK,KCS14,512,,,,2,2,,OND2017,
R_8e50JrceMpcWXp9,DKC90-89,,,,,3,,,,
R_cKPZu1sCh0Y5JIP,DK3,KSC15,KSC16,,,2,2,2,,
R_cia2uiU5R3xMxp7,H517,,,,,3,,,,
R_drC5dgyUnMRFZvs,DKC90-89,H517,,,,3,3,,,
R_lbtiVpWXazSfNYx,Ksc15,Ac4,,,,2,2,,,
R_cJ2iq5DCM43i0I3,KSC13 ,Dk3,,,,2,2,,,
R_3Yh5O0VEhBxOerH,KSC13,,,,,2,,,,
R_0Gg1mUv9FCyoanl,Local seed,Don’t know,,,,,,,,
R_fupLeaAfTcOW4fp,E,E,,,,1,1,,,
R_7OQzYVkSShgo8P4,Dk8071,,,,,2,,,,
R_9QE2bOWjGhrtkL9,"Kscm, ace",Ace,,,,2,1,,,
R_lfATHd0rsqS64uw,Kscm,Ksc22,,,,2,2,,,
R_ex0Vxv3wqXpBPKi, Kscm,Ksc14,,,,2,2,,,
R_2yUzKVSHpVCPfF0,H517,,,,,3,,,,
R_d3O0Zwq33QVCGk6,Duma “E”,,,,,1,,,,
R_ePi1Y33GTZ2ixy2,KSC13,KSC17,,,,3,2,,,
R_1cmvsP5hKeoAuWe,KSC13,,,,,3,,,,
R_bp9EgEBR2KA4ev2,Ksc14m,Ksc14,,,,2,2,,,
R_bXLt41nG6X4UmaP,Katumani,Recycled ksc11l,Recycled ksc11m,Ksc17m,,1,3,2,2,
R_4f1RREYZcldqcFK,Ac3m,Ac3m,Ac3m,Dk9089,,2,2,2,3,
R_kko0LQw4D7LDrm4,Dk8051,,,,,2,,,,
R_je9ocRFLv6elt19,Dkc 9089,Dkc-89,,,,3,3,,,
R_47Sb9K4q4iBkIqn,Ksc13,Ksc13,Ksc13,Ksc13,,3,3,3,3,
R_457sMlBkDPhrdhf,Ksc13,Ksc16,,,,3,2,,,
R_4fnhPkTIJR9V1d0,Ksc22,Ksc22,,,,2,2,,,
R_0G63y5DwqlElkQe,Ksc17,Ksc7,,,,2,3,,,
R_cKu8os6AIB0JQpX,O1,,,,,2,,,,
R_lZl3Nwbq5IvH2Bu,EASE,FCE,,,,1,1,,,
R_heKBdzLavS9hWi9,KSC13,KSC22,,,,3,2,,,
R_5YlSOmzjim53Wf2,KSC22,KSC13,KSC22,,,2,3,,,
R_hTYaSRM8PQWdsdg,KSC14,KSC11,517,,,2,3,3,,
R_6jBj5wUASEIWG4Q,,,,,,,,,,
R_eFILQM1H2dzoNv7,H517,Ksc11l,Ksc11l,,,3,3,3,,
R_ae6T8BVA7FXv4zG,,,,,,,,,,
R_70rw6XChGpuNodM,Dk8041,,,,,,,,,
R_m6EfruEEjVaYsbj,Ksc13,,,,,3,,,,
R_ajPEhl9X66pdJVR,Dk8031,Ksc13,,,,2,3,,,
R_jIoHZdFeq6hM24D,Ac3,,,,,2,,,,
R_8QgvQMiLwWkpW7V,Ksc22,Ac3,Dk3,,,2,2,2,,
R_b6XWAqiq4cOfyVE,Ksc17,,,,,2,,,,
R_nOyTHAFlCbutc6V,KSC13,,,,,3,,,,
R_oCSbxIvmYJGuHSn,AC3,500 “M”,,,,2,2,,,
R_9xxGQRXI5JRWF8V,KSC13,KSC11,,,,3,3,,,
R_3gDozmDp6QNMRpX,KSC13,KSC14,,,,3,2,,,
R_oHLIEBboOPHjrO4,KSC13,KSC18,,,,3,2,,,
R_nEZNxStHIjZ3cRu,KSC17,,,,,2,,,,
R_0WOnjfJOnfxUiiW,Ksc112,Ksc17,Ksc13,,,3,2,3,,
R_fmV1sgOWyqIze0P,Ksc24,Ksc24,,,,1,1,,,
R_9ty91dB8eJX5y9I,,,,,,,,,,
R_mRk8RSK0S3ermRb,KSC12,AC3,,,,3,2,,,
R_ljFtLn7v6ow6cQj,KSC11,KSC7,,,,3,3,,,
R_aXZTLkgyvDSUM6k,DK3,Dk8031,,,,2,2,,,
R_f0TmPybHo91vL6r,AC3,ksc14,,,,2,2,,,
R_exPkyQr7n1kwVw4,ksc13,AC3,,,,3,2,,,
R_653L4mEg42Ucejv,ksc18,ksc13,,,,2,3,,,
R_24GrJiUW8Qmpe1u,624,Duma 43,,,,3,2,,,
R_mG6k0rBwHYapc4M,KCS22,,,,,2,,,,
R_bwGyPLSWQkd7Yp4,KSC15,,,,,2,,,,
R_nMVCFEIsUK1Vaui,KSC15,,,,,2,,,,
R_3uCs9BDowoEM3xC,DK3,,,,,2,,,,
R_kAQeZq6WMZUlG36,KSC6,AC3,,,,3,2,,,
R_fYi5hX7vLL4x4ep,KSC13,,,,,3,,,,
R_0VZXKg5cQPkMpsd,KSC13,,,,,3,,,,
R_jpb878Gx5K3NRT1,KSC13,KSC13,,,,3,3,,,
R_8nLMFfZi5UHkXX2,AC3E,,,,,1,,,,
R_gHDbfjn0tWiUTt1,Pan4m,PAN4M,,,,2,2,,,
R_gMx4C2CKWMcq5SY,H517,H517,,,,3,3,,,
R_ocf0A1CuslpJcAm,1,ksc13,,,,,3,,,
R_8F6ghXHmUwewai2,H517,,,,,3,,,,
R_ggt4ecJMwSUbSxl,H517,Ac3,,,,3,2,,,
R_dnI6CkqAEIxxvqR,ksc7,,,,,3,,,,
R_aZ3Rn3jNjxxK9zN,ksc13,kscm,ksc13,kscm,,3,2,2,2,
R_b4kxsTPCRfy6N5J,ksc22,AC3,,,,2,2,,,
R_b54V0Mq1VItlzc9,Sungura 301,Sungura 301,,,,1,1,,,
R_owfH0KKF8soiwji,A500,,,,,,,,,
R_64G3nkL6XVDLDSi,KCS22,,,,,2,,,,
R_2SSvTjHKLo2iY2Z,KSC13,DK3,AC3,,,3,2,2,,
R_3KEMwVWH6DpJLAX,KSC22,KSC14,,,,2,2,,,
R_42MKeyAIFvIAaSz,KSC11,AC3,,,,3,2,,,
R_k6H9Q1MP7xGdr88,Dk90-89,,,,,3,,,,
R_4fLwCSwOYx266T7,Ac3,,,,,2,,,,
R_bSbEkNUIoVCqNfH,Dk8089,EAS2l,,,,3,3,,,
R_2QjBGJuXkrUXxMU,EAS2,EAS2,,,,2,2,,,
R_n6En0iWL9lgY5tX,ks 17l,Ac3E,,,,3,1,,,
R_96zF2dVQOX7YNXX,AC3,KSC7,KSC15,,,2,3,2,,
R_3qHWDM2JqnRZX5w,KSC13,AC3,,,,3,2,,,
R_9azuyVhfN48Y6rJ,ksc14,,,,,2,,,,
R_aUaSoSBu0alkAeI,Dk8031,,,,,2,,,,
R_obeg4lsZWShqbLB,DKM,DKM,DKM,DKM,DKM,2,2,2,2,2
R_nleWMIz3T77gjUg,KSC9,,,,,3,,,,
R_cjbwCINUjVPey0J,ksc22e,,,,,1,,,,
R_2TJ1y51bIDgfySN,ksc7l,ksc13l,Ksc15m,,,3,3,2,,
R_3QWYfCea7VT66LA,,,,,,,,,,
R_ouTDeEBFOi7pl9l,,,,,,,,,,
R_f9c38DoMzyFQhuw,Ksc7,Ksc13,,,,3,3,,,
R_hXcHrwGgLnHue9z,Ac3,,,,,2,,,,
R_gZU6jdnFM9BW31k,ksc15,ksc13,,,,2,3,,,
R_eIbavW2zm3OhULU,,,,,,,,,,
R_lDu5IygjKxNtCtP,KSC3,KSC17,,,,3,2,,,
R_dYPsUw2i26a3Q3P,524,,,,,,,,,
R_cWSjWRq3MUE5kpF,ksc513,,,,,2,,,,
R_oRzfXcM850Hz1vt,AC3,PO1,,,,2,2,,,
R_c963e19XIwjpIvs,KSC13,KSC13,,,,3,3,,,
R_282cDtyDzCslsIN,KSC22,AC3,,,,2,2,,,
R_9rtYMhHn2z9Ifnz,KSC20,KSC20,,,,2,2,,,
R_6YFKquW18dynIG7,KSC15,KDV2,,,,2,1,,,
R_ol7VwLrBtw15vBy,local,KSC18,,,,,2,,,
R_e6lQcWO71iCueJ4,KSC22,KSC23,,,,2,2,,,
R_mXJxxzw2O7u5acs,KSC22,,,,,2,,,,
R_6I5V2wDWkSn0c1P,DK3,O1,,,,2,2,,,
R_hWNh4Jixza7QQ3u,EAS2,Ksc13,,,,2,3,,,
R_kPHE7Ri9kJEkvpz,Ksc17,Recycled medium,,,,2,2,,,
R_d3fqL6SN01YDCs8,Recycled medium ,,,,,2,,,,
R_jrVuzcNWqvqXr67,Recycled medium,,,,,2,,,,
R_cYq6Eh6gxDQMKrL,Recycled,,,,,,,,,
R_05Uata5jRxtA6R1,DK4,,,,,3,,,,
R_oJ7fvPy1XRTavRv,DK4,,,,,3,,,,
R_dhhfjqvGTizdyxJ,EAS2,,,,,2,,,,
R_oQANkhNtN0WJgVP,KSC22 ,KSC22 ,,,,2,2,,,
R_2KkbdBmWYqqzKkq,DK8031,,,,,2,,,,
R_ns6wEJ3WAvT1oPE,ksc14,,,,,2,,,,
R_n8qXfXqWdAkCwPu,ksc11,,,,,3,,,,
R_7pBzoY7lev1DQsu,Ac4,Ac4,,,,2,2,,,
R_idNfQvYJW9yccnK,ksc13,Dk3,,,,3,2,,,
R_fT2eCEXKFTiIvCL,Olerai “E”,AC3,,,,1,2,,,
R_1EGHDwpkpeHZCmM,Local “M”,,,,,2,,,,
R_mifWlriD7mZa22t,Local seed “E”,,,,,1,,,,
R_k7L15XlBLGpg311,,,,,,,,,,
R_1JxeLmNwSlo9d4h,,,,,,,,,,
R_1Kl03BDSTrzp8Yy,Ac13m,,,,,2,,,,
R_5bbizd1VHvBd4Dd,AC3,KSC22,,,,2,2,,,
R_k2Su5R6X4w8xVra,E,,,,,1,,,,
R_o2BUgbuDWdvGst3,KSC22,KSC13,,,,2,3,,,
R_mkhnj9W3l1XdysO,KSC18,,,,,2,,,,
R_0uwPqBjTsUJsqAY,Ksc13l,Ksc13l,,,,3,3,,,
R_3kQVBXiDl7Yr3Wr,Ksc7l,Ksc6l,,,,3,3,,,
R_2aVvMQkjOjEJ5wP,Ksc13l,Ksc22e,,,,3,1,,,
R_j78itdT7MWhy3qL,KSC13,,,,,3,,,,
R_eHWyhRy0lpz3iuE,KSC517,KSC514,,,,3,2,,,
R_4I70bpsh6XRljXA,KSC9,KSC9 ,,,,3,3,,,
R_gkghxWnBZhTw9Iz,KSC13,,,,,3,,,,
R_35djSPmScF7Gg5H,KSC13,KSC18,,,,3,2,,,
R_cPBFKb51XJqSCac,KSC13,KSC7,,,,3,3,,,
R_fniwNYmifAGq17j,DS2,KSC15,,,,1,2,,,
R_iv9ah1b7u4KXbML,ACL,,,,,3,,,,
R_lM3Bx0dstTfBD3Z,AC3,KSC13,M,,,2,3,2,,
R_bBuIEJEIS0r8CDb,KSC17,,,,,2,,,,
R_fRGf8SFIukYL940,Ksc13,,,,,3,,,,
R_onHc9Igm4jAV4CA,ksc7,H518,,,,3,2,,,
R_lJSdwgVhBbYvs6S,ksc17,ksc10,,,,2,3,,,
R_jxYQvQVXxLRjfBY,ksc13,,,,,3,,,,
R_67HBqb5YySkkdDo,KSC7,KSC6,,,,3,3,,,
R_aDJFf5IQ1OieLAc,KSC13,,,,,3,,,,
R_7yxS98PbBEvREOp,KSC15,KSC13,PO3,,,2,3,3,,
R_6ecAAMHiZZo9oRO,KSC13,KSC14,KSC26,KSC5,,3,3,3,,
R_788pFHkHvAjeGZ7,DK4,Dk3,,,,3,2,,,
R_87n8hBe70zOuat1,Ksc13,,,,,3,,,,
R_cJO8CJbU7S8TyF1,Ksc13,ksc7,,,,3,3,,,
R_jOUpXkbpOlgmHKw,Ksc13,,,,,3,,,,
R_kjdEklNyBi4fvEY,KSC13,,,,,3,,,,
R_2fgiApbt9FDbLhy,KSC13,KSC17,AC3,KSC22,KSC24,3,2,2,2,1
R_cQPv6MlZqeuX8Jv,M,M,,,,2,2,,,
R_4x8hGCq0Albu2jX,KSC26,,,,,3,,,,
R_g5kE6mojxvU6S3F,AC3,,,,,2,,,,
R_7FVgWxqWqBnIxRN,,,,,,,,,,
R_5uQuLL9ea9d6Ww1,AC3,,,,,2,,,,
R_2NREIUYtEEp2Zr2,Ksc15,Ksc22,,,,2,2,,,
R_f3CBqo7OeQvf49t,,,,,,,,,,
R_lkV9nGdB2ERY1Pd,AC4,,,,,2,,,,
R_i8sm4phs7cigEXP,Ksc22,,,,,2,,,,
R_79KpgE4A8PekLby,KSC7,KSC7,KSC7,,,3,3,3,,
R_1nbaT2cWrgZkWeY,,,,,,,,,,
R_fFwkWOV4ENP9FzY,KSC6,KSC26,,,,3,3,,,
R_gb3pDSjJv6uwgMo,Ksc22,,,,,2,,,,
R_421rnMBFSYlyrgP,Ksc22,AC4,,,,2,2,,,
R_lsNdTEbvN8vStaI,AC4,ksc13,,,,2,3,,,
R_72B5gCYYCX6TPIz,ksc25e,,,,,1,,,,
R_3qR621pVOXBpPEV,ksc7l,ksc15m,,,,3,2,,,
R_dMt1kSrUx7KNj1e,ksc13l,,,,,3,,,,
R_6RwSGC9UksgqF4o,tego,,,,,2,,,,
R_7TN1Ra45joIKBJu,,,,,,,,,,
R_fom78X7ExJ54SO1,,,,,,,,,,
R_dFPvRE7vsAJQm7f,,,,,,,,,,
R_1sifOHptl73zGB2,,,,,,,,,,
R_aiLe59Vv4pSrP7l,ksc11,ksc22,,,,3,2,,,
R_5xRVGkQzs2mAauP,ksc17,ksc17,,,,2,2,,,
R_bCPGP4siOy6mSfR,,,,,,,,,,
R_nNmqRdf4nwyOTec,dk3,,,,,2,,,,
R_4K8kyXkTAptrhQ2,AC3,KSC8,,,,2,3,,,
R_0MTHMOY9tRMnyVL,KSC15,,,,,2,,,,
R_1nQSPbaxUYrJbiY,KSC17,,,,,2,,,,
R_lNKlNSkRRrgV0N6,Ac4,3,Dk3,Tego/ syngenta,,2,,2,2,
R_3urF1gSK4asG4d3,,,,,,,,,,
R_1VHpQuUiSEwbpF5,Ksc15,Ac3,,,,2,2,,,
R_0ycCmEfWWLABSUQ,Ksc13,,,,,3,,,,
R_lFzhjf1ZQl1N02S,Ksc22,Recycled long,,,,2,3,,,
R_0fLmwhqoVJSXUZY,Ksc15,AC medium,,,,2,2,,,
R_9UCQBk1CaBtexuf,AC3,,,,,2,,,,
R_2VVeOilb4heMlB3,KSC15,KSC15,KSC15,KSC15,,2,2,2,2,
R_onPl3BkL7lIQ8pX,AC3,AC3,,,,2,2,,,
R_aEbsWtaqZXjZaiR,M,,,,,2,,,,
R_hOyl9L1pliTYHYq,M,,,,,2,,,,
R_nYIW9CZ7wZSmsNq,KSC7,AC3,,,,3,2,,,
R_eQi9HpeXj7Az7vV,AC43,KSC24,,,,2,1,,,
R_flwQnHkUBbdBltd,Ksc13,Ac43,,,,3,2,,,
R_ds4aie1IfDJsXRy,Ksc16,,,,,2,,,,
R_dyl9Ha9R632uk3o,KSC22,,,,,2,,,,
R_mAgWHBoGSj7Pbm9,AC3,,,,,2,,,,
R_lOoqxHQ5hKzpwzg,KSC13 ,KSC17,AC3,,,3,2,2,,
R_bUgzhixuuJXVLM5,Ksc10l,,,,,3,,,,
R_18sPpEVyMTZaTKo,Local,Local,Local,,,,,,,
R_kyahxS6Y00ygOa1,Local,Local,,,,,,,,
R_gVnwd8nFTSKElUF,DK3,KSC22,,,,2,2,,,
R_g4VcV4qXhmXFLRl,AC3,KSC18,,,,2,2,,,
R_f7zH4P0D7E5aARQ,DK3,AC3,DKE,,,2,2,1,,
R_6Hk55FczScBwvVl,KSC 13,,,,,3,,,,
R_6teqqzpjUNAuV9K,AC3,,,,,2,,,,
R_c8gPHY6u8zRfmlD,Recycled ,,,,,,,,,
R_3OXncKgeCnaWf9g,AC 43,Recycled,,,,2,,,,
R_aNBAyNPzesD2JgI,Recycled,,,,,,,,,
R_bfkxBGxNF8RlR7x,,,,,,,,,,
R_9bZoUDLafaKoQaY,Ac3l,Ksc5l,Ksc24e,O1l,,3,3,1,3,
R_9PjpMx3v3I93N41,Ksc11l,,,,,3,,,,
R_oNBTmigM6QF2kxh,KSC11,,,,,3,,,,
R_mHRaEfAV29Nw1XY,,,,,,,,,,
R_11jFXoEtmoazY5c,,,,,,,,,,
R_nitSd57G76gIE4E,O1,,,,,2,,,,
R_kFHAFInjhmw6dqs,KSC22,KSC17,,,,2,2,,,
R_0THTdAmE98PldH4,E,,,,,1,,,,
R_fYtrCgkiUtf4qQ9,KSC22,,,,,2,,,,
R_9tNSh793Qd4TlnP,M,,,,,2,,,,
R_nU5XbaiN1hIcJ4g,Ac3,,,,,2,,,,
R_e0H6b85kV4knzGa,Local,,,,,,,,,
R_nzZevC9VnPxc9HK,Ac3,Ac3,,,,2,2,,,
R_c3Hvju6oHzgqO3E,,,,,,,,,,
R_gmhYbBLRMbnYwQv,,,,,,,,,,
R_0DPDPVBltF0XwYv,,,,,,,,,,
R_oAITHyDK2FX2q2T,,,,,,,,,,
R_mJ3bkdmiq8chjPT,AC4,,,,,2,,,,
R_2s7cgHgjxddDadw,,,,,,,,,,
R_bnw6E3p5zUr7gxz,,,,,,,,,,
R_7AnjQqa9jk94Ygt,,,,,,,,,,
R_mGKnMplc7VbYLXw,,,,,,,,,,
R_e8qUfxIcgOKqX5F,,,,,,,,,,
R_9JPQhT4o9zozO40,,,,,,,,,,
R_6w8Pq6rTC7YaDVb,ksc14l,,,,,3,,,,
R_mCZUHHq1ZAVL2J8,ksc11l,,,,,3,,,,
R_giEJG1BX7rcC9g1,,,,,,,,,,
R_6UyvoXUIlC2irzS,KSC 11,,,,,3,,,,
R_9v8uaDSpA1kePbb,,,,,,,,,,
R_cQUscZPfmsqBJvr,,,,,,,,,,
R_bFaMvM1VRR5QBWA,,,,,,,,,,
R_eq0oxkuqyMChpoB,,,,,,,,,,
R_8CPE0Mk4Gmi1QDu,,,,,,,,,,
R_6apViSxvd9FHMwm,,,,,,,,,,
R_2fDaLSk3u5UZSMH,,,,,,,,,,
R_cXdUo5k91QOOXkJ,,,,,,,,,,
R_85wB1JbeB5wsAj6,,,,,,,,,,
R_eGimHeC2ZplXQM2,,,,,,,,,,
R_mYximNRq7UfQVL5,Ksc6,,,,,3,,,,
R_9HJJYwQ6rPJBzcO,,,,,,,,,,
R_32UeFhwIDenKZkf,,,,,,,,,,
R_jHIqHGJ9lOaIoHc,KSC13,,,,,3,,,,
R_lWkHyaSoc2zSTfv,Yellow maize,Sygenta,,,,,2,,,
R_kNhwUB067bJBFoO,,,,,,,,,,
R_oEG4At3480e23ot,Ksc18m,,,,,2,,,,
R_6Jk2SwpInFbTIWW,,,,,,,,,,
R_8EdUFQkXxqWAOhi,,,,,,,,,,
R_97m3Rqw464kIzfy,,,,,,,,,,
R_hycIdEFPJKQK6WR,,,,,,,,,,
R_1kzqT4tWoVlmj3p,,,,,,,,,,
R_lxPZH2Ei8LipnMB,POM,,,,,2,,,,
R_iYqcy9ZOvpLhwHO,,,,,,,,,,
R_0MnH8EvCDarl26Z,,,,,,,,,,
R_2PlvkUe8AEYXH7Q,,,,,,,,,,
R_7V2apo96wOJM3Fx,,,,,,,,,,
R_kgtdrxPYKGt8jV7,,,,,,,,,,
R_6xhywk7tRxcxNe5,,,,,,,,,,
R_2KOiewin4bHemd5,AC3,,,,,2,,,,
R_7cyBt12gBUgYIEt,,,,,,,,,,
R_83YPopwwRRRJxdB,,,,,,,,,,
R_jxdrja7uDwlLff5,,,,,,,,,,
R_2jviAlfvDhrrvyA,,,,,,,,,,
R_evaKkC5S9dUPVQ5,,,,,,,,,,
R_4TocAD0L33HFNyP,AC3,,,,,2,,,,
R_brSYZq2x5sbdsPa,,,,,,,,,,
R_1t6dj3nWufZrAaE,,,,,,,,,,
R_2c5YextqSyBDXgT,,,,,,,,,,
R_mVPqoyG7hdap7H3,,,,,,,,,,
R_2qmf9SEvnYTMVD6,,,,,,,,,,
R_lHZVV5Rrd4pi4pn,,,,,,,,,,
R_aLTbSmZwAnudGwH,,,,,,,,,,
R_iY8TPw49vmQuEC3,,,,,,,,,,
R_owGoZMlVsCDAAgP,,,,,,,,,,
R_3jBgqOBwv5NsILM,,,,,,,,,,
R_f95n2NOD60MnCnB,,,,,,,,,,
R_ctI4feIVNMrBOyB,,,,,,,,,,
R_89A54FmwL61cPyc,DK3,AC3,Ksc22,,,2,2,2,,
R_1UFzdvyENh4hiXO,,,,,,,,,,
R_5LXeDgGrizWv5rx,Ksc 11,,,,,3,,,,
R_dHHwz5zuYhQg7Sv,,,,,,,,,,
R_3kkVmARLqJFYKnq,,,,,,,,,,
R_6jf094xb4jEwvOk,,,,,,,,,,
R_7wLbqEn3BjuDtUo,,,,,,,,,,
R_eeLnYmWvBUnkKHf,,,,,,,,,,
R_bryzIcC07u4Qrb9,,,,,,,,,,
R_cYmashO2WRTReyc,,,,,,,,,,
R_hVOHSDre8Rakpoh,,,,,,,,,,
R_jPqldMziErk91O3,,,,,,,,,,
R_1Lq2Xi5dHHSfdTU,,,,,,,,,,
R_526LDQ2cSJJFijS,,,,,,,,,,
R_07zJ6dF51m2mdMm,,,,,,,,,,
R_bYCYswXNr0NwAH4,dk4,,,,,3,,,,
R_l58nM0ddLd28P4j,1,,,,,,,,,
R_4NGTSDKFl7Gli4i,,,,,,,,,,
R_fR97TYUdxk4PkKS,,,,,,,,,,
R_cRbQfHBVjG8NkEq,,,,,,,,,,
R_1FGbWz8jvyeasBT,,,,,,,,,,
R_gMUXu9TqE9tyNrl,,,,,,,,,,
R_4QFRKv6fN88dg8S,,,,,,,,,,
R_8vzhjB1J0hDXVia,,,,,,,,,,
R_2joIz9U0z49zH8k,Ksc22,Local,,,,2,,,,
R_mMtw2UiZcRGolIw,,,,,,,,,,
R_1tvPcszqy7qkDEA,,,,,,,,,,
R_aSUnHlzFMlRqdcE,,,,,,,,,,
R_633C4BAqBx3NqoR,,,,,,,,,,
R_mpSbGgm5TBlATdO,,,,,,,,,,
R_f5u93bmulZl13lw,,,,,,,,,,
R_j7aRWQ7L4UGjb08,,,,,,,,,,
R_hUHxv91xM97ay4P,,,,,,,,,,
R_mZlZ4fG7c8tGv1e,,,,,,,,,,
R_kHyzZ4Aivdw5yDW,,,,,,,,,,
R_8cFbGwIQ9swh5Pt,,,,,,,,,,
R_mZFct4jH46Vg6q0,,,,,,,,,,
R_hSNUCUsuJivMcPr,,,,,,,,,,
R_hWnQ4143cDRVL9K,,,,,,,,,,
R_6PAhRtIox5MtAXb,,,,,,,,,,
R_ftyM53t3O6gjbxf,,,,,,,,,,
R_97kGCY07zp822do,,,,,,,,,,
R_j9rhIYFuZVtURbE,,,,,,,,,,
R_md5A9ADPwkRTARz,,,,,,,,,,
R_mpFPy63a91Bf9Fy,,,,,,,,,,
R_1ICGXqHL1NgQYIa,,,,,,,,,,
R_6mgDikI4riAG3nw,,,,,,,,,,
R_1KtXCRqMAT1Mczg,,,,,,,,,,
R_nwH2qxgPC6Y6Gbh,,,,,,,,,,
R_bXigQFYs9ouAQe2,,,,,,,,,,
R_2E2631qY7p0lXJc,,,,,,,,,,
R_1f20mhBpetSNGOT,,,,,,,,,,
R_78kLWKdJiOnXkAI,,,,,,,,,,
R_hUC8PrMls6UV7Si,,,,,,,,,,
R_f9z5DSlOksMCFWo,recycled,,,,,,,,,
R_hbysBMY2GEZojqy,,,,,,,,,,
R_mebUcn9rmD1w3Cp,,,,,,,,,,
R_ocHsTMhiBKW6obp,,,,,,,,,,
R_55tO6hHbgb7du4i,,,,,,,,,,
R_5pLkBg3HU0tj54e,,,,,,,,,,
R_l4ONSzu9H9fZ6e4,,,,,,,,,,
R_0ZTzFEM0BOhKddt,,,,,,,,,,
R_kZzjaUJFxj3ljvN,DK4,AC3,,,,2,2,,,
R_fgcvgVmN7eWRzmX,KSC22 ,,,,,2,,,,
R_erjat5zLxLukxR2,,,,,,,,,,
R_gHtcEtWPDj1VsnE,,,,,,,,,,
R_4T70GkODDY2mY2j,,,,,,,,,,
R_0tfBAfzPOMPLVLK,,,,,,,,,,
R_nOTWrDgzTKc0nAX,,,,,,,,,,
R_6ymHF7yrvoE88D7,,,,,,,,,,
R_j5lSsNrOCHJTp0m,,,,,,,,,,
R_nqwy1bpdzSBN2I5,,,,,,,,,,
R_ocWhrQhUsOpyT9e,,,,,,,,,,
R_7oj47tb46RQZJuu,,,,,,,,,,
R_kq89AChZssGXdOt,,,,,,,,,,
R_7pERe0ljjgww1iV,,,,,,,,,,
R_hhZLVYEjkZtsdfx,,,,,,,,,,
R_1ODWBMDvmk0a4i0,,,,,,,,,,
R_i4usaPQNOJAw3O6,,,,,,,,,,
R_8qUP3znZ26UXLBs,,,,,,,,,,
R_k83ReEVLn7TwG2l,,,,,,,,,,
R_kHy7fNsipcnmTN5,,,,,,,,,,
R_gAxf6Xl3MrI6xeR,,,,,,,,,,
R_oQVyWttH6ccEluW,,,,,,,,,,
R_7zHREps7zTlcsYA,,,,,,,,,,
R_4MnW9pUxZV1OKib,,,,,,,,,,
R_cz9bFzJRYGrjB6K,,,,,,,,,,
R_4JcSMSb85eXf39Q,,,,,,,,,,
R_4rCLpq75ILgUpK3,,,,,,,,,,
R_8ELjidsT0VMrOQX,,,,,,,,,,
R_oMyAdBS2ZJolUMG,,,,,,,,,,
R_0aKBHOvN0sRI8ok,,,,,,,,,,
R_1c5j6FzfooAE39C,,,,,,,,,,
R_6P3gBeA34RvEene,,,,,,,,,,
R_6PzQLq3eujynkl9,,,,,,,,,,
R_eYgf4hex9HrodcP,,,,,,,,,,
R_gbOgaPrTZfJfvXs,,,,,,,,,,
R_jG7hb4cTLV8yPmr,,,,,,,,,,
R_cRDUJdBOmGRo1Tf,,,,,,,,,,
R_2s9oDPDh6IhGWrD,KSC7,KSC7,,,,3,3,,,
R_7ONJTJYqQXBg7KX,,,,,,,,,,
R_bqOPWOQ5a7KGIF5,KSC7,KSC7,,,,3,3,,,
R_0Df8jVbTIyKfc4X,,,,,,,,,,
R_ebOpGbld6lBGuOb,,,,,,,,,,
R_mZNqSsxvjS0G1nh,,,,,,,,,,
R_bdhugQBfl2Ux7Tt,,,,,,,,,,
R_eXL8ZEZY0xEgN6s,Recycled,,,,,,,,,
R_9yCzHSy1m3TFBXR,,,,,,,,,,
R_jlF2jIJZKHkLeD3,,,,,,,,,,
R_9PiManFyB8KzZ36,Ksc8l,,,,,3,,,,
R_3MbzEbzQTEgVhWy,,,,,,,,,,
R_nXEBIBEmpzKPLgQ,,,,,,,,,,
R_oUC4N8OKsotO4Xg,,,,,,,,,,
R_6osu8uHlFhEHstZ,,,,,,,,,,
R_fg5b6gxFB8kS2ce,,,,,,,,,,
R_6s2jt3jFy6QPHCk,,,,,,,,,,
R_kGMVisUsI08Klxm,,,,,,,,,,
R_hX1ZM838mgRpifr,,,,,,,,,,
R_hROYsS2LVyzgAHn,,,,,,,,,,
R_abKBbI5R9dWRzKi,,,,,,,,,,
R_3h3sxH8iCrqWOTJ,,,,,,,,,,
R_70rvPfpMf7zdyFq,,,,,,,,,,
R_oSSRz10kA7KNEfC,,,,,,,,,,
R_f9SFzsNTpjtNoHt,,,,,,,,,,
R_cY9gJpKmHmpZpc1,,,,,,,,,,
R_dkJAPppQLv04JwQ,,,,,,,,,,
R_aZr6Rqu2NtlLygz,,,,,,,,,,
R_9w3nZ0mXyIajt6n,,,,,,,,,,
R_8smyRLXZx3PmWJC,,,,,,,,,,
R_myaLtyARrxgtFb7,,,,,,,,,,
R_25ecZDGpG2Lxuif,,,,,,,,,,
R_nfZlCqOJhHt3wtj,,,,,,,,,,
R_mX2sdQt8sD9lnbf,,,,,,,,,,
R_7NcFzMwIEtJ7nqv,,,,,,,,,,
R_lV5inhOPzoVYali,,,,,,,,,,
R_44mJ7gqc1LxA7iS,,,,,,,,,,
R_31Jkme5KozA4Vaq,,,,,,,,,,
R_6HaPPSFivC26jj5,,,,,,,,,,
R_mEk43oDszNgVEk3,,,,,,,,,,
R_ghVhqIt3vZ82Xb0,,,,,,,,,,
R_laH5a0ioGxreBMc,,,,,,,,,,
R_l0qOrtWnEAUWf9z,,,,,,,,,,
R_3BtFKRmGEWS2323,,,,,,,,,,
R_cwqX35iZ8ZmhawM,,,,,,,,,,
R_cyWQb3kLopC3yQg,,,,,,,,,,
R_jcBOawhrmoIQfDb,,,,,,,,,,
R_9xmYG5sj42BBNNX,KSC14,KSC7,,,,2,3,,,
R_bKKpvrgoRnSa2vv,,,,,,,,,,
R_4QKriK0XzKscue2,AC3,,,,,2,,,,
R_bLNxnCUFzlDccqp,,,,,,,,,,
R_7yKe85TQz4CCOQV,,,,,,,,,,
R_62HnwDEzOg82bpO,KSC13,,,,,3,,,,
R_2vMYZrsTz5tW4Hf,,,,,,,,,,
R_mHhuLanyB4S0pOb,518,,,,,2,,,,
R_gVdxLhx4ZyPZhfF,recycled,,,,,,,,,
R_iGmJa2s0ty3B3V4,,,,,,,,,,
R_8ccJAnpyH3mWGwm,,,,,,,,,,
R_bHXjlp6chRp7IXT,ksc13,ksc13,,,,3,3,,,
R_oG8IIsINGhLQdtZ,,,,,,,,,,
R_1amUKRVfNS5Wbt4,ksc13,,,,,3,,,,
R_9N1TksuWiuC7zBx,,,,,,,,,,
R_2i15YnvXXszaxEb,,,,,,,,,,
R_ccoNIoHUfZjSiD5,,,,,,,,,,
R_0V6g5NAwgK0hl2e,,,,,,,,,,
R_bDPfqXF4ImEoIUp,,,,,,,,,,
R_ad1E4tOTdlTbC7R,,,,,,,,,,
R_k0kpc0y6AXqlio6,,,,,,,,,,
R_3Vv0Kktf83Usys3,,,,,,,,,,
R_dt1x0OAJ8rFYC3o,,,,,,,,,,
R_2RGX9ZUFqYGOIXw,,,,,,,,,,
R_cVdjK71Za2ud18A,,,,,,,,,,
R_92ZJAFHxRZYe63i,,,,,,,,,,
R_f1gN8p8hMmg63qN,,,,,,,,,,
R_ivCULcf1K1Kt3Kj,,,,,,,,,,
R_32mQi8TDaecF6DT,,,,,,,,,,
R_fJNhNHLCAbYFSIG,,,,,,,,,,
R_mKy2rQqfKoOhiuy,,,,,,,,,,
R_c9fQeNwA1Dd9wrz,,,,,,,,,,
R_kirCrhEkjbpG4Dv,,,,,,,,,,
R_3WaZ856joBPkqRj,,,,,,,,,,
R_efMdw46t9fGUMQP,Dkc90-89,,,,,3,,,,
R_atSVcQbnfc1dE0S,,,,,,,,,,
R_6ifNiIxu4R7LuAf,,,,,,,,,,
R_5FsTk4DBANz7YA0,,,,,,,,,,
R_2K7toqF4A4eTRLd,Ksc13,,,,,3,,,,
R_nKsiHhF9MGZONdP,,,,,,,,,,
R_ivTPZucgsm2bj5A,,,,,,,,,,
R_a04HzCo6E3iHE2T,,,,,,,,,,
R_7uO3WodZqSXmmtp,,,,,,,,,,
R_4X65o7HlpHrdpTW,,,,,,,,,,
R_lknnXzijI85LfOv,,,,,,,,,,
R_jL5tp4zS6qp0sPQ,,,,,,,,,,
R_dx9kyI5AKXhB3Gv,,,,,,,,,,
R_halYyMxPKnlIlYc,,,,,,,,,,
R_gUr9SCdpLtXH9i9,,,,,,,,,,
R_faMtIVlu3wM4Pgl,,,,,,,,,,
R_8P1ttLlnAbFeipp,,,,,,,,,,
R_nHNlQqc1gyp3eEI,,,,,,,,,,
R_9OnT7fObHLY2dQP,,,,,,,,,,
R_lhQuM3JjrglM47z,,,,,,,,,,
R_1S1U3b6D0iWYjOx,,,,,,,,,,
R_88V6sgMYyiOcy6y,,,,,,,,,,
R_d3KZqughOtsHnkt,,,,,,,,,,
R_ex8kHdWfzo73EAI,,,,,,,,,,
R_ow1Y6ddhxb7Lrrr,,,,,,,,,,
R_4NOu2CkvCBv2wtT,,,,,,,,,,
R_iwNrF0LstkCiZU7,,,,,,,,,,
R_iMJhY8yuTNxFKzi,,,,,,,,,,
R_fsSTjlR4PXrd5MC,Ac3,,,,,2,,,,
R_frtNdxPOTfTIZtT,,,,,,,,,,
R_dsXkNnNL8R8FgfL,Ac3,,,,,2,,,,
R_kLZKBClLN0Op9sf,,,,,,,,,,
R_4LTP64Cl3kN1qLV,Ac3,,,,,2,,,,
R_4z7LPb3CenBCVO1,AC3,,,,,2,,,,
R_mkWrEm2ysc0pZns,Ksc24,,,,,1,,,,
R_nuBR5DVuaUlEU6T,Ksc9,AC3,,,,3,2,,,
R_otHl974n9SmkSWW,,,,,,,,,,
R_k0aNSHEc239RqdS,PAN3,,,,,2,,,,
R_aMH3Eh2fo5ljIzM,,,,,,,,,,
R_24LF4tVwW4WFd6Q,AC3,,,,,2,,,,
R_djF4PLSzPaegOT0,AC3,,,,,2,,,,
R_fnhw0PFHBtIIO6V,AC3,AC3,AC3,,,2,2,2,,
R_9lNRlIZYLxSkMXr,DK4,,,,,3,,,,
R_cfOWqzsg4CFtL9D,,,,,,,,,,
R_6Ubax9Y2fMcX2gN,DK3,,,,,2,,,,
R_g8W8KbF5fPVuIBY,,,,,,,,,,
R_jxdg1rQVbiZgY7q,AC3,,,,,2,,,,
R_6BAoUBSbsWBZc6K,Ksc22,local ,ksc22,local,,2,,2,,
R_0plUQzyppi935Xh,DK4,,,,,3,,,,
R_6lSncFpo0s0NhOJ,local,local ,,,,,,,,
R_8N6yA8BBIFBNmuR,,,,,,,,,,
R_49jnyS83agP0knu,Ksc15m,Ksc22e,,,,2,1,,,
R_0VUzTYDuFsHVNgD,Recycled,,,,,,,,,
R_j8aNwPvOEOG9IGG,Ac3l,Ac3m,,,,3,2,,,
R_8A30TtVDLBUrs9W,,,,,,,,,,
R_gPNwRKjHN1HXrHj,,,,,,,,,,
R_0VT6dPEwOwoBJGg,DK8990,,,,,3,,,,
R_ahicVPqVCyve5qg,M,,,,,2,,,,
R_iKomXLqgY6YQlaH,M,,,,,2,,,,
R_6GOMRIuMLzenoHr,AC3,,,,,2,,,,
R_bq3TLhkhpOLNora,,,,,,,,,,
R_iFC3UdE1LsREHCW,Ksc7,,,,,3,,,,
R_99MgSkKHgE2n3hq,Ksc7,,,,,3,,,,
R_aAtjkAUG38ui54p,KSC18,KSC18,,,,2,2,,,
R_1tOFTCkiNaFyuoi,,,,,,,,,,
R_fd4VrzVAlJWuGRc,,,,,,,,,,
R_edrXRSZqFgVWRAR,,,,,,,,,,
R_ajbRcBTqC4lQgAX,,,,,,,,,,
R_hDBOwRsfYiJg1WE,,,,,,,,,,
R_64PLDUX74IEdSo8,,,,,,,,,,
R_k0i1WVNpXcqb1cK,,,,,,,,,,
R_mmntgwt8mNYkG0c,,,,,,,,,,
R_mIX3pBsM02MAh7b,,,,,,,,,,
R_4xiT0DvGFWnftIx,,,,,,,,,,
R_nWUMI6KpHC7l3Kl,,,,,,,,,,
R_bqPcVlZnlYNOB59,,,,,,,,,,
R_a2BG82NgiteEbYC,,,,,,,,,,
R_9t8YPWQbqJwwBRa,,,,,,,,,,
R_3RZmRYmJ8jIXMB1,,,,,,,,,,
R_9hN6yBCtAiZvfjG,,,,,,,,,,
R_gprWc4gRAxkG3Tp,,,,,,,,,,
R_l6pROuOAPdOFeXJ,,,,,,,,,,
R_7jZdAOtEY3ZOpTq,Ac3,,,,,2,,,,
R_oaNapzWCWxoMATO,Monsanto 8033,monsanto 8033,,,,2,2,,,
R_dkLS5yzdXMSb7g5,,,,,,,,,,
R_56kXwtBmL9pAZ03,ksc7 ,KSC22,,,,3,2,,,
R_b4jrdlDPYZE7bWh,,,,,,,,,,
R_9VL0QkqY48T605l,,,,,,,,,,
R_ia6U3KHbrZqKi61,,,,,,,,,,
R_fCAt4mjdNngcaTY,,,,,,,,,,
R_hFMQ9pxz2L7akzO,,,,,,,,,,
R_a7oDFL5EzbCmpTd,,,,,,,,,,
R_4qMIEUzQzcIpTew,,,,,,,,,,
R_fqrEGtJNdexCXlt,,,,,,,,,,
R_01exwC5VHi0VW99,,,,,,,,,,
R_j9yNgTpAiAOjyeJ,Ksc16,H514,,,,2,2,,,
R_5NwtHPrwDTtghJp,Ksc13,,,,,3,,,,
R_f5W8fbRvV5QHIZC,,,,,,,,,,
R_j7oBbjgpBPcuoLg,KSC7,KSC7,,,,3,3,,,
R_7q1VVzQXNgLaCJl,Ac3E,,,,,1,,,,
R_bu15qrUofNr7R7U,,,,,,,,,,
R_77ZE7CDECtJEnR4,,,,,,,,,,
R_7wLCExrbJYYHhNA,Ac3,,,,,2,,,,
R_2nnmgVI6GRA2XiG,KSC13,AC,M,,,3,2,2,,
R_jCrz7jujFnSwGXw,KSC13,AC,,,,3,2,,,
R_gQ6PUCHNPES82EP,KSC13,KSC7,,,,3,3,,,
R_7OpMdKXl6mHvIfN,,,,,,,,,,
R_mJvlVvxv9fi0SY2,,,,,,,,,,
R_gN2t2XRELHretuC,Recycled L,,,,,3,,,,
R_1tdZd9s09JywI3j,Ksc7,,,,,3,,,,
R_5IL4vtz295oCcla,,,,,,,,,,
R_darH6yQ0LoB4QiO,KSC7,,,,,3,,,,